{
   "type": "Conveyor",
   "name": "Релиевый конвейер",
   "description": "",
   "requirements": [
        {"item": "rel", "amount": 1},
        {"item": "lead", "amount": 5},
        {"item": "metallimet", "amount": 5}
   ],
   "category": "distribution",
   "speed": 0.20,
   "displayedSpeed": 6,
   "health": 450,
   "research": {
        "parent": "core-metallimet",
        "requirements": [
              {"item": "larn", "amount": 50},
              {"item": "rel", "amount": 30},
              {"item": "copper", "amount": 80},
              {"item": "metallimet", "amount": 60}
        ],
        objectives: [
        {
            type: "SectorComplete",
            preset: "triple-attack"
        }
    ]
   }
}