{
   "name": "Акро",
   "description": "",
   "type": "mech",
   "health": 500,
   "speed": 0.7,
   "flying": false,
   "armor": 1,
   "range": 70,
   "drag": 0.3,
   "accel": 0.4,
   "outlineColor": "212121",
   "TargetAir": true,
   "destructableWreck": false,
   "weapons": [
     {
      "name": "pulalka",
      "reload": 5,
      "recoil": 2,
      "bullet": {
        "damage": 15,
        "speed": 2.6,
        "color": "f5d442",
        "type": "BasicBulletType"
      }
      "type": "Weapon"
     }
   ],
   "research": {
     "parent": "akro-constructor",
     "requirements": [
       {"item": "metallimet", "amount": 0}
     ],
     "objectives": [
       {"type": "SectorComplete", "preset": "triple-attack"}
     ]
   }
}