{
  "name": "Эксолорий",
  "description": "",
  "speed": 2.6,
  "accel": 0.5,
  "drag": 0.5,
  "outlineColor": "212121",
  "flying": true,
  "health": 900,
  "armor": 5,
  "range": 100,
  "TargetAir": "true",
  "destructableWreck": "false",
  "weapons": [
    {
      "name": "megapiu",
      "reload": 5,
      "shootSound": "shoot",
      "ejectEffect": "none",
      "smokeEffect": "none",
      "recoil": 2,
      "bullet":{
        "damage": 80,
        "speed": 3,
        "sideAngle": 10,
        "sideWidth": 8,
        "sideLength": 50,
        "width": 15,
        "colors": [
          "e8e225",
          "ff6666ff",
          "ffffffff"
        ],
        "length": 50,
        "shootEffect":{
          "effects": [
            {
              "sizeFrom": 2,
              "sizeTo": 1,
              "lifetime": 8,
              "colorFrom": "ff6666ff",
              "colorTo": "ff6666ff",
              "type": "ParticleEffect"
            },
            {
              "sizeFrom": 2,
              "sizeTo": 1,
              "length": 6,
              "interp": "circleOut",
              "sizeInterp": "swingIn",
              "lifetime": 13,
              "colorFrom": "ff6666ff",
              "colorTo": "ff666600",
              "type": "ParticleEffect"
            }
          ],
          "type": "MultiEffect"
        },
        "hitEffect":{
          "sizeFrom": 2,
          "sizeTo": 1,
          "lifetime": 8,
          "colorFrom": "ff6666ff",
          "colorTo": "ff6666ff",
          "type": "ParticleEffect"
        },
        "despawnEffect":{
          "sizeFrom": 2,
          "sizeTo": 1,
          "lifetime": 8,
          "colorFrom": "ff6666ff",
          "colorTo": "ff6666ff",
          "type": "ParticleEffect"
        },
        "type": "BasicBulletType"
      },
      "type": "Weapon"
    }
  ],
  "research": {
    "parent": "exolorium-constructor",
    "requirements": [
      {"item": "metallimet", "amount": 0}
    ]
  }
}